{"features": ["_neutral", "browDownLeft", "browDownRight", "browInnerUp", "browOuterUpLeft", "browOuterUpRight", "cheekPuff", "cheekSquintLeft", "cheekSquintRight", "eyeBlinkLeft", "eyeBlinkRight", "eyeLookDownLeft", "eyeLookDownRight", "eyeLookInLeft", "eyeLookInRight", "eyeLookOutLeft", "eyeLookOutRight", "eyeLookUpLeft", "eyeLookUpRight", "eyeSquintLeft", "eyeSquintRight", "eyeWideLeft", "eyeWideRight", "jawForward", "jawLeft", "jawOpen", "jawRight", "mouthClose", "mouthDimpleLeft", "mouthDimpleRight", "mouthFrownLeft", "mouthFrownRight", "mouthFunnel", "mouthLeft", "mouthLowerDownLeft", "mouthLowerDownRight", "mouthPressLeft", "mouthPressRight", "mouthPucker", "mouthRight", "mouthRollLower", "mouthRollUpper", "mouthShrugLower", "mouthShrugUpper", "mouthSmileLeft", "mouthSmileRight", "mouthStretchLeft", "mouthStretchRight", "mouthUpperUpLeft", "mouthUpperUpRight", "noseSneerLeft", "noseSneerRight"], "classes": ["anger", "contempt", "disgust", "fear", "happiness", "neutral", "sadness", "surprise"], "mean": [2.6375863816480785e-06, 0.13055999631503662, 0.13421145184799743, 0.1676330281159808, 0.2084517809832153, 0.15854410032955216, 0.0002541491275986072, 1.1931920418426797e-06, 1.0932592155225922e-06, 0.11799062674418603, 0.09568163546973595, 0.15519983226452774, 0.15820201603089443, 0.1288669594590265, 0.2188055511802654, 0.22307026154890425, 0.13429814464505285, 0.16551584182615958, 0.15884340628528457, 0.3804855843358059, 0.3077467145824776, 0.03271379536432413, 0.0452807845075764, 0.0008663914580951432, 0.0077433831640926366, 0.0780354581630347, 0.0022501833569245986, 0.0036622180529631513, 0.023216014785348838, 0.021443924460571064, 0.017844063073431313, 0.018894498284272053, 0.015755323097480522, 0.008150645522674532, 0.08969658342082631, 0.10411595071989008, 0.07402202372059895, 0.07941296700707788, 0.1120179977427243, 0.008465423481978346, 0.04259047910247688, 0.045205415740142585, 0.05878724260725011, 0.03739197157913484, 0.20850676708465612, 0.20516039242778444, 0.03747931363694829, 0.050403684716760516, 0.08822487550510014, 0.09663651863769128, 4.481323007315263e-06, 2.612432124233456e-06], "std": [3.971409692363804e-06, 0.19678775033236479, 0.19924917436244527, 0.25212597918697066, 0.25809815174507883, 0.22219472205209903, 0.0005379874651224516, 1.9060018609536892e-06, 2.402736500286425e-06, 0.1203982603593968, 0.11615028429834048, 0.16406524091430438, 0.16284407262531544, 0.20319706342217037, 0.24608995192183306, 0.24392646846357854, 0.2031185569176687, 0.1485768310604999, 0.1456370709445233, 0.22645426717765976, 0.21840917813814056, 0.060885345403352, 0.08843266509594008, 0.0016317773017672044, 0.03333588687896717, 0.14799974640987956, 0.01738737815591137, 0.015925914725719838, 0.05448690821069754, 0.04810942931011187, 0.06292385286359208, 0.06574906626237263, 0.04315115031349342, 0.035014711299296356, 0.20123188172334439, 0.21661197727642853, 0.10633811649660846, 0.11234241081169881, 0.23068506479130216, 0.03755579064436989, 0.10474172864924315, 0.09764564978207091, 0.13272154704019448, 0.06449179582473191, 0.3126036209002265, 0.3112285550809839, 0.08953698710631049, 0.10650774803358683, 0.19365057930095766, 0.20535606530779424, 8.272495293382743e-06, 4.071646806706464e-06], "coef": [[-0.23511574576633737, -0.03504437849459464, 0.45807095214845717, -1.2016347887815428, 0.12708047441592973, 0.20419312477301202, 0.2939225977836995, 0.05786374642268487, 0.3123454196200872, -0.09621205745453681, 0.034013759246686676, 0.3085299536965258, -0.11082812154929349, -0.30525790222214033, 0.08066862598081921, -0.17317262803206537, 0.20708097079401563, 0.2979310970921037, -0.006456727735051859, 0.1566641326207649, 0.11028333244905612, 0.14364366878419318, -0.0835321405234435, -0.08579401270001928, 0.061682617227576626, 0.38365555907320326, 0.08704945663068321, -0.11872629041033263, 0.01656416304498864, 0.04836476140067673, 0.1067133706634242, 0.07586555969973342, 0.049315744965459395, -0.0013399757886237197, 0.24222289669880867, -0.13076714686099125, 0.0188828112637621, -0.11841035587065872, 0.35873841400835604, -0.022869622734263104, 0.2325240232705324, -0.08457193100680753, 0.2760777180859223, -0.08001671139461905, -0.675460998788048, -0.18095996006745987, -0.006169376423592956, -0.07101520513651115, 0.27290008125882603, 0.07322287936602988, 0.057535414626585304, 0.024857785561441584], [0.17061374256887626, -0.018559367689700054, -0.16028973295568072, -0.12449759180202995, 0.3461794496097405, 0.18013787818878188, -0.49145027902875876, -0.2592441382004361, 0.10465901451432118, 0.01793701733855542, -0.08477895486238676, 0.2277644583275078, -0.4596141451105858, 0.06381231625450028, -0.00940754677085797, 0.04491710703547018, 0.0031024025431624284, 0.4001575701987729, -0.15647534779745298, 0.14982173076031965, 0.263192073495902, -0.44472846206447636, -0.13890731655938873, -0.06166309537978079, -0.11604435504449707, -1.1073044716797102, 0.11802403438210222, 0.12103602783013521, 0.19289430793126375, 0.08769676147316027, 0.19324190994670223, -0.3062502458429882, -0.08035969580380599, 0.2511306593898344, 0.017162058051028158, -0.23677255728744326, 0.1764414934745108, 0.15849043796672646, -0.14902480093485915, 0.3025133452335707, -0.0711867252193396, -0.09312585297284738, -0.07840636423522761, -0.045574036556190425, 0.49386011264006113, 0.33724567804914096, -0.10860966645235294, 0.1429867128517458, -0.08538379964720134, -0.14318387966455173, 0.009718309537541327, -0.262818983228914], [0.16278302530519967, 0.018841425600109398, 0.17070737090964994, -0.32772568613368785, 0.12857278032914723, 0.11179321115121535, -0.07078203951250281, -0.034726370644080816, 0.1606605960161342, -0.11265730947085505, 0.17941799188463195, 0.1689892098345763, -0.08166907607883948, -0.09806814636132012, -0.18260500452833078, 0.26756380443789035, 0.2516200357036541, -0.17842163846033113, 0.05003239955707463, 0.40197447431776223, 0.31851950563943354, 0.1326576088143676, 0.00711356819906834, 0.12714476401270033, 0.01329437989543592, 0.3337515486997654, 0.09122741687741558, -0.11262801450106177, 0.07594880052259051, 0.07001907298413718, 0.3039911151940753, -0.07619986565075532, 0.0991982939743106, 0.10455981894912593, -0.046842130378418965, -0.08567997494576218, -0.41512788462090355, -0.2793263800001695, 0.06478911786044632, 0.07415965873973045, 0.0007553100556631445, -0.02536180877826336, 0.08673927087928558, 0.20611203950747198, 0.0009017972815424463, -0.5920885934295707, 0.007182575069089237, -0.02714582616291867, 0.329953436605282, 0.19633276323231122, -0.03138183371587545, 0.019473788529324534], [0.11284565328674408, 0.11614099459056679, -0.006207585475999226, 0.39548889675313437, -0.2909020540914574, -0.04537695426502412, 0.40780331166568157, 0.1921494670194884, -0.038579098705452564, -0.5533122344226029, 0.1772572551831371, 0.08602750234377467, 0.13485730244196287, -0.3985959966719869, -0.3441565315833658, 0.25152278205570044, 0.2786216078869689, -0.41039941037956684, 0.4015607393968856, -0.22217060132995434, -0.4525678878092972, 0.47571543255310095, 0.23263660917104534, 0.03334723702894092, 0.012604835791526011, 0.5893006970891803, 0.06254093981198498, -0.02691045794131856, -0.1739063726420597, -0.07977661572268174, 0.145235854677657, -0.015796450995637847, -0.0530753033959738, -0.09451472934314284, 0.03047242276481146, 0.02860407925047975, -0.2339697595548988, -0.04436094512566732, 0.06039348410361042, -0.14018978490202152, 0.26202947888857947, 0.005122038480911229, -0.03857671189352574, -0.1267447778282561, -0.062258228324494166, -0.1743208059919707, 0.07583047767218211, 0.04852738662791265, 0.17468505332062723, -0.22389011663284444, -0.09878110619837953, 0.05110363539309748], [0.19156247425302453, -0.10694015476463059, -0.12678711175963905, 0.35334749800957305, -0.17094665813035617, -0.09394062047039287, -0.058678457688728994, -0.25810988462534457, -0.30135437556833805, 0.36697196171780677, -0.44809908280401295, -0.40834824366227873, 0.2586342804902552, 